﻿<?xml version="1.0" encoding="UTF-8" ?>
<linker>
  <assembly fullname="mscorlib">
    <!-- Preserve all methods on WasmRuntime, because these are called by JS-side code
    to implement timers. Fixes https://github.com/aspnet/Blazor/issues/239 -->
    <type fullname="System.Threading.WasmRuntime" />
  </assembly>
  <assembly fullname="System.Core">
    <type fullname="*" />
  </assembly>
  <assembly fullname="System.Linq">
    <!-- This is required by JSon.NET and any expression.Compile caller -->
    <type fullname="*" />
  </assembly>
  <assembly fullname="System">
    <type fullname="*" />
  </assembly>
  <assembly fullname="netstandard">
    <type fullname="*" />
  </assembly>
  <!-- Name of the entry point assembly -->
  <assembly fullname="MLS.Blazor" />
</linker>