{
    "$schema": "http://json.schemastore.org/template",
    "author": "Microsoft",
    "classifications": [ 
      "Common", 
      "Try.NET", 
      "Interactive Documentation" 
    ],
    "tags": {
        "language": "C#",
        "type": "project"
      },
    "identity": "Microsoft.DotNet.Try.ProjectTemplate.Tutorial",
    "defaultName": "Microsoft.DotNet.Try.ProjectTemplate.Tutorial",
    "name": "Interactive documentation",
    "shortName": "trydotnet-tutorial",
    "sourceName": "Microsoft.DotNet.Try.ProjectTemplate.Tutorial",
    "preferNameDirectory": true
}
